City_ID,City,Country,Lat,Lng,Max Temp,Humidity,Cloudiness,Wind Speed
0,Dharchula,IN,29.85,80.5333,42.08,51,42,7.92
1,Ushuaia,AR,-54.8,-68.3,56.82,66,40,36.82
2,Salinopolis,BR,-0.6136,-47.3561,81.88,72,74,8.16
3,Mandera,KE,3.9366,41.867,85.48,27,100,10.54
4,Soyo,AO,-6.1349,12.3689,80.65,82,100,6.87
5,Iqaluit,CA,63.7506,-68.5145,-13.27,69,100,3.0
6,Victoria,HK,22.2855,114.1577,62.33,82,100,5.01
7,Westport,US,41.1415,-73.3579,42.75,56,59,1.01
8,Cidreira,BR,-30.1811,-50.2056,78.51,65,0,11.03
9,Ambilobe,MG,-13.2,49.05,76.64,94,100,2.19
10,Qaanaaq,GL,77.484,-69.3632,-3.64,89,100,6.24
11,Ponta Do Sol,PT,32.6667,-17.1,64.71,70,66,6.93
12,Yegros,PY,-26.45,-56.4,104.05,10,0,7.14
13,Ribeira Grande,PT,38.5167,-28.7,63.0,77,40,18.41
14,Sao Filipe,CV,14.8961,-24.4956,72.61,68,100,6.85
15,Jamestown,US,42.097,-79.2353,41.52,52,100,11.01
16,Dikson,RU,73.5069,80.5464,-6.63,94,100,16.8
17,Cervo,ES,43.6702,-7.4101,51.96,75,0,21.3
18,San Vicente De Canete,PE,-13.0751,-76.3835,75.99,72,45,9.31
19,Bredasdorp,ZA,-34.5322,20.0403,69.28,77,100,11.5
20,Agropoli,IT,40.3469,14.9966,50.29,81,19,8.3
21,Alekseyevskaya,RU,50.2896,42.1845,-1.93,99,20,4.99
22,Port Alfred,ZA,-33.5906,26.891,71.08,77,100,17.67
23,Padilla,CO,3.2204,-76.3139,83.77,63,27,2.46
24,Cape Town,ZA,-33.9258,18.4232,72.1,63,0,1.99
25,Hermanus,ZA,-34.4187,19.2345,69.8,67,100,14.43
26,Bandarbeyla,SO,9.4942,50.8122,75.88,66,34,22.46
27,Teruel,ES,40.6667,-0.6667,37.36,56,0,0.85
28,Baghmara,IN,23.795,86.2085,63.05,81,4,5.41
29,Tatarsk,RU,55.219,75.9828,-15.23,100,100,4.18
30,Sinnamary,GF,5.3833,-52.95,80.91,73,11,6.8
31,Harper,LR,4.375,-7.7169,80.11,79,29,9.1
32,Tabas,IR,33.5959,56.9244,52.95,33,0,0.83
33,Tacuarembo,UY,-31.7333,-55.9833,106.14,12,2,14.43
34,Longyearbyen,SJ,78.2186,15.6401,35.44,64,40,13.8
35,Mahebourg,MU,-20.4081,57.7,80.89,83,75,13.8
36,Camacha,PT,33.0833,-16.3333,62.02,72,40,6.91
37,Tazovskiy,RU,67.4667,78.7,-7.6,97,100,11.07
38,Srostki,RU,52.4189,85.7022,3.65,93,100,2.33
39,Narsaq,GL,60.9167,-46.05,4.87,90,34,3.42
40,East London,ZA,-33.0153,27.9116,72.54,73,20,9.22
41,Labytnangi,RU,66.6572,66.4183,9.97,87,100,10.27
42,Necochea,AR,-38.5473,-58.7368,94.41,22,0,7.4
43,Standish,US,43.9831,-83.9589,35.6,75,100,6.96
44,The Valley,AI,18.217,-63.0578,82.26,65,20,12.66
45,Bonavista,CA,48.6499,-53.1147,21.11,54,47,12.21
46,Kirs,RU,59.3388,52.2447,-13.9,100,24,3.71
47,Mundwa,IN,27.0667,73.8167,53.33,52,1,4.81
48,Bykovo,RU,55.6361,38.0803,7.21,78,40,6.71
49,Busselton,AU,-33.65,115.3333,63.75,89,17,12.57
50,Kirovskiy,RU,45.0917,133.5136,-15.3,100,89,2.75
51,Upernavik,GL,72.7868,-56.1549,6.73,94,100,5.48
52,Paracatu,BR,-17.2222,-46.8747,74.07,85,100,2.08
53,Caravelas,BR,-17.7125,-39.2481,83.25,59,0,9.98
54,Carutapera,BR,-1.195,-46.02,83.59,62,19,7.23
55,Khokhryaki,RU,56.9156,53.3221,-5.82,97,10,3.65
56,Moroni,KM,-11.7022,43.2551,82.4,78,20,4.61
57,Qasigiannguit,GL,68.8193,-51.1922,1.29,93,100,6.4
58,Lubango,AO,-14.9172,13.4925,61.77,53,53,5.28
59,Talnakh,RU,69.4865,88.3972,-11.79,98,100,9.84
60,Hithadhoo,MV,-0.6,73.0833,82.6,73,100,6.67
61,Georgetown,MY,5.4112,100.3354,80.53,70,20,7.0
62,Carnarvon,AU,-24.8667,113.6333,75.27,69,0,18.41
63,Port Elizabeth,ZA,-33.918,25.5701,71.1,78,75,12.66
64,Kargil,IN,34.5667,76.1,-9.89,87,100,1.07
65,Mitsamiouli,KM,-11.3847,43.2844,82.69,78,20,4.61
66,Tasiilaq,GL,65.6145,-37.6368,10.58,69,66,6.71
67,Souillac,MU,-20.5167,57.5167,80.98,83,75,13.8
68,Punta Arenas,CL,-53.15,-70.9167,55.51,35,40,35.68
69,Mar Del Plata,AR,-38.0023,-57.5575,75.22,82,0,18.99
70,Salvador,SV,13.8333,-88.9167,81.05,35,40,6.46
71,Paamiut,GL,61.994,-49.6678,15.82,91,100,6.42
72,Praia Da Vitoria,PT,38.7333,-27.0667,61.75,82,40,19.69
73,Parys,FR,48.8534,2.3488,41.5,87,100,3.0
74,Havelock,US,34.8791,-76.9013,56.98,56,0,7.0
75,Bilma,NE,18.6853,12.9164,66.74,6,0,7.7
76,Nantucket,US,41.2835,-70.0995,42.03,72,100,27.94
77,Bathsheba,BB,13.2167,-59.5167,84.81,54,20,18.41
78,Rocha,UY,-34.4833,-54.3333,82.85,42,0,13.02
79,Conway,US,35.0887,-92.4421,61.02,49,0,1.99
80,Portage,US,41.1667,-81.1998,42.04,57,0,5.75
81,Saldanha,ZA,-33.0117,17.9442,77.05,86,39,13.56
82,Lagoa,PT,39.05,-27.9833,60.57,79,100,19.75
83,Surt,LY,31.2089,16.5887,57.7,73,83,17.43
84,Los Algarrobos,PA,8.5,-82.4333,88.45,58,20,9.22
85,Bethanien,NA,-26.502,17.1583,83.88,32,32,17.78
86,Antalaha,MG,-14.9003,50.2788,76.8,91,100,4.61
87,Salalah,OM,17.0151,54.0924,69.42,79,7,3.44
88,Saint-Philippe,RE,-21.3585,55.7679,78.39,90,100,15.19
89,Mikhaylovskaya,RU,44.9947,40.5964,32.31,98,100,7.27
90,Decatur,US,39.8403,-88.9548,48.74,65,100,6.76
91,Kurmanayevka,RU,52.5093,52.0675,4.32,96,98,3.74
92,Iquique,CL,-20.2208,-70.1431,74.75,69,34,11.45
93,Clyde River,CA,70.4692,-68.5914,-28.97,68,0,0.0
94,Sambava,MG,-14.2667,50.1667,78.35,88,100,3.67
95,Husavik,IS,66.0449,-17.3389,31.91,72,100,30.11
96,Kavaratti,IN,10.5669,72.642,78.78,68,29,11.05
97,Boa Vista,BR,2.8197,-60.6733,93.18,40,75,10.36
98,Ewo,CG,-0.8725,14.8206,78.84,70,100,6.42
99,Marsa Matruh,EG,31.3525,27.2453,57.4,67,0,9.22
100,Praia,CV,14.9215,-23.5087,75.74,50,96,6.91
101,Castro,BR,-24.7911,-50.0119,73.0,77,100,1.97
102,Richards Bay,ZA,-28.783,32.0377,74.26,87,100,11.63
103,Pangnirtung,CA,66.1451,-65.7125,-22.0,69,40,2.3
104,Brae,GB,60.3964,-1.353,48.15,86,100,31.99
105,Chimbote,PE,-9.0853,-78.5783,73.83,75,83,11.68
106,Balaguer,ES,41.7912,0.8109,47.26,76,0,3.71
107,Birao,CF,10.2849,22.7882,83.61,27,92,5.41
108,Dunn,US,44.95,-91.8835,36.91,87,25,3.11
109,Andilamena,MG,-17.0167,48.5833,68.16,93,100,3.33
110,Labelle,US,26.7617,-81.4384,78.87,47,72,10.8
111,Walvis Bay,NA,-22.9575,14.5053,65.35,82,51,14.97
112,Puerto Del Rosario,ES,28.5004,-13.8627,65.95,72,20,8.05
113,Zyryanovsk,KZ,49.7386,84.2719,-10.53,96,100,1.57
114,Jizan,SA,17.3333,42.6667,79.74,79,8,2.19
115,Chudniv,UA,50.052,28.1175,8.98,95,69,7.54
116,Peniche,PT,39.3558,-9.3811,59.09,71,2,10.54
117,Westerkappeln,DE,52.3167,7.8833,38.82,90,66,5.55
118,Hofn,IS,64.2539,-15.2082,37.42,87,75,20.71
119,Marcovia,HN,13.2881,-87.3097,95.45,43,40,9.22
120,Sao Joao Da Barra,BR,-21.6403,-41.0511,87.89,83,7,9.66
121,Hobyo,SO,5.3505,48.5268,77.49,74,100,20.18
122,Alexandria,EG,31.2156,29.9553,60.76,63,40,10.36
123,Laguna,US,38.421,-121.4238,66.96,80,0,1.01
124,Benghazi,LY,32.1167,20.0667,58.84,71,100,8.63
125,Tres Arroyos,AR,-38.3739,-60.2798,105.1,4,0,10.51
126,Buraydah,SA,26.326,43.975,68.45,43,0,8.46
127,Chake Chake,TZ,-5.2459,39.7666,80.47,76,52,14.63
128,Knysna,ZA,-34.0363,23.0471,68.38,84,68,10.13
129,Marzuq,YE,14.4,46.4667,64.44,45,50,1.28
130,Araouane,ML,18.9048,-3.5265,70.27,9,44,9.26
131,Codrington,AU,-38.2667,141.9667,63.1,88,100,12.37
132,Takab,IR,36.4009,47.1133,31.93,90,89,0.63
133,Gashua,NG,12.871,11.0482,75.54,16,5,8.52
134,Coquimbo,CL,-29.9533,-71.3436,68.86,73,16,10.29
135,Arraial Do Cabo,BR,-22.9661,-42.0278,78.66,85,100,9.46
136,Ilulissat,GL,69.2167,-51.1,-0.72,98,100,6.76
137,Shieli,KZ,44.1667,66.75,38.3,70,100,8.28
138,Cockburn Town,TC,21.4612,-71.1419,78.76,61,75,6.91
139,Kyshtovka,RU,56.555,76.6271,-13.41,100,100,3.13
140,Ostrovnoy,RU,68.0531,39.5131,26.17,88,100,38.81
141,Yar-Sale,RU,66.8333,70.8333,6.31,92,100,12.86
142,Saint-Leu,RE,-21.15,55.2833,77.86,79,99,1.48
143,Warmbad,NA,-28.45,18.7333,92.75,19,5,16.64
144,Isilkul,RU,54.9109,71.2728,-13.81,100,92,4.32
145,Cassilandia,BR,-19.1133,-51.7342,77.04,78,100,4.36
146,Mashivka,UA,49.4431,34.8669,8.51,82,99,10.2
147,Krasnoselkup,RU,65.7,82.4667,-18.98,99,99,10.09
148,Ashqelon,IL,31.6693,34.5715,59.41,39,72,8.25
149,Bengkulu,ID,-3.8004,102.2655,74.7,90,100,4.29
150,Gat,IL,31.61,34.7642,58.41,33,64,6.8
151,Chesterton,US,41.6106,-87.0642,41.83,75,100,1.99
152,Nokaneng,BW,-19.6667,22.2667,73.15,70,100,8.7
153,Dzaoudzi,YT,-12.7887,45.2699,82.29,78,0,3.44
154,Hambantota,LK,6.1241,81.1185,75.54,100,75,1.14
155,Bosaso,SO,11.2842,49.1816,73.81,68,83,6.64
156,Pestravka,RU,52.405,49.9583,14.0,94,97,9.22
157,Oktyabrskoye,RU,43.0645,44.7417,30.34,100,40,4.47
158,Henties Bay,NA,-22.116,14.2845,64.85,89,99,5.95
159,Korla,CN,41.7597,86.1469,22.26,59,8,2.59
160,Argelia,CO,2.2556,-77.2488,71.85,89,86,0.85
161,Porto Novo,BJ,6.4965,2.6036,84.02,78,100,10.02
162,Saint George,US,37.1041,-113.5841,58.35,47,0,4.61
163,Klaksvik,FO,62.2266,-6.589,49.12,87,100,40.22
164,Nueva Loja,EC,0.0847,-76.8828,90.7,42,57,3.33
165,Vila Velha,BR,-20.3297,-40.2925,87.75,73,0,8.99
166,Marsaxlokk,MT,35.8419,14.5431,53.08,93,100,5.75
167,Kalmunai,LK,7.4167,81.8167,77.09,86,48,3.65
168,Sorland,NO,67.667,12.6934,40.86,73,63,37.0
169,Thaba-Tseka,LS,-29.522,28.6084,58.55,85,97,4.29
170,Kikwit,CD,-5.041,18.8162,73.74,92,100,3.51
171,Olinda,BR,-8.0089,-34.8553,83.93,70,40,6.91
172,Varnavino,RU,57.4035,45.0916,-1.91,99,88,3.36
173,Hamilton,US,39.1834,-84.5333,48.24,52,100,1.99
174,Una,IN,20.8167,71.0333,60.44,44,0,10.74
175,Nanortalik,GL,60.1432,-45.2371,21.61,74,100,16.44
176,Bambous Virieux,MU,-20.3428,57.7575,80.85,83,75,13.8
177,Luena,AO,-11.7833,19.9167,64.89,96,100,2.66
178,Quelimane,MZ,-17.8786,36.8883,84.15,79,75,5.99
179,Polunochnoye,RU,60.8697,60.4153,-4.02,92,100,3.98
180,Jurado,CO,7.1053,-77.7641,80.33,81,8,5.19
181,Aksu,CN,41.1231,80.2644,22.75,57,15,2.59
182,Ustka,PL,54.5805,16.8619,34.61,92,38,17.72
183,Bomet,KE,-0.7813,35.3416,55.4,53,15,3.62
184,Namibe,AO,-15.1961,12.1522,68.29,80,28,7.43
185,Sur,OM,22.5667,59.5289,68.94,50,0,2.48
186,Marsh Harbour,BS,26.5412,-77.0636,70.3,68,99,17.13
187,Alpena,US,45.0617,-83.4327,28.94,87,100,8.01
188,Qaqortoq,GL,60.7167,-46.0333,9.82,96,56,5.73
189,Chuy,UY,-33.6971,-53.4616,79.18,57,1,12.59
190,Sfantu Gheorghe,RO,45.8667,25.7833,21.65,54,7,2.84
191,Sao Felix Do Xingu,BR,-6.6447,-51.995,72.95,98,100,2.84
192,Nadvoitsy,RU,63.8667,34.3167,25.61,89,100,18.1
193,Muros,ES,42.7762,-9.0603,56.84,79,7,7.83
194,Koutsouras,GR,35.0339,25.9469,53.11,85,100,32.53
195,Mahajanga,MG,-15.7167,46.3167,80.98,77,100,5.28
196,Bardiyah,LY,31.7561,25.0865,57.11,74,99,11.68
197,Turukhansk,RU,65.8167,87.9833,-22.22,98,100,6.51
198,Parabel,RU,58.6978,81.4825,-16.4,100,100,3.27
199,Castelo Do Piaui,BR,-5.3222,-41.5525,87.98,45,89,4.45
200,Luderitz,NA,-26.6481,15.1594,66.18,84,0,14.94
201,Abalak,RU,58.1286,68.5944,-1.68,95,12,4.63
202,Barra Do Pirai,BR,-22.47,-43.8256,78.42,91,64,5.68
203,Martinez,US,38.0194,-122.1341,62.42,77,0,1.99
204,Usinsk,RU,65.9939,57.5281,12.63,94,100,22.19
205,Parakou,BJ,9.3372,2.6303,86.61,17,6,2.28
206,General Pico,AR,-35.6566,-63.7568,110.98,10,7,13.62
207,Koster,ZA,-25.863,26.8976,65.73,75,86,7.34
208,Vardo,NO,70.3705,31.1107,34.0,86,100,24.16
209,Dzilam Gonzalez,MX,21.2833,-88.9333,77.31,66,79,9.37
210,Esil,KZ,51.9556,66.4042,13.77,93,94,9.13
211,Cap Malheureux,MU,-19.9842,57.6142,80.47,85,100,8.99
212,Cochabamba,BO,-17.3895,-66.1568,70.2,47,40,8.05
213,Cascais,PT,38.6979,-9.4215,60.48,68,0,1.99
214,Chapais,CA,49.7834,-74.8492,1.18,86,100,9.46
215,Mogadishu,SO,2.0371,45.3438,78.42,80,100,19.44
216,Puerto Colombia,CO,10.9878,-74.9547,79.99,72,3,19.33
217,Khor,RU,47.8861,134.9464,-4.58,99,100,5.61
218,Vestmanna,FO,62.1564,-7.1664,47.32,87,100,14.97
219,Ouadda,CF,8.0777,22.4007,80.56,46,100,2.68
220,Bhandara,IN,21.1667,79.65,61.29,87,9,4.18
221,Port Blair,IN,11.6667,92.75,80.65,75,99,10.83
222,Paraguari,PY,-25.6208,-57.1472,104.9,10,0,7.78
223,Pamplonita,CO,7.437,-72.638,67.5,75,98,4.43
224,Shache,CN,38.4167,77.2406,27.01,39,100,2.51
225,Berlevag,NO,70.8578,29.0864,31.8,90,68,23.64
226,Sao Gabriel Da Cachoeira,BR,-0.1303,-67.0892,89.49,51,100,2.37
227,Mecca,SA,21.4267,39.8261,75.96,75,65,4.21
228,Touros,BR,-5.1989,-35.4608,86.9,65,9,11.03
229,Port-Gentil,GA,-0.7193,8.7815,80.92,81,100,11.32
230,Jalu,LY,29.0331,21.5482,56.21,53,79,8.52
231,Veraval,IN,20.9,70.3667,62.33,47,0,12.91
232,Troitsko-Pechorsk,RU,62.7084,56.1964,2.98,82,20,9.48
233,Beloha,MG,-25.1667,45.05,77.29,86,98,9.17
234,Dutse,NG,11.7594,9.3392,74.89,19,0,8.59
235,Vesyegonsk,RU,58.664,37.2604,-9.02,99,6,3.47
236,Chagoda,RU,59.164,35.3285,3.69,93,100,6.29
237,Mattawa,US,46.7379,-119.9028,45.28,91,100,1.99
238,Lebu,CL,-37.6167,-73.65,65.8,73,3,9.84
239,Mehamn,NO,71.0357,27.8492,32.16,90,84,11.9
240,Havoysund,NO,70.9963,24.6622,36.48,89,36,12.59
241,Asyut,EG,27.181,31.1837,59.32,17,6,2.57
242,Thompson,CA,55.7435,-97.8558,-20.04,69,75,2.3
243,Tshikapa,CD,-6.4167,20.8,69.76,98,100,3.09
244,Abu Dhabi,AE,24.4667,54.3667,68.97,76,0,5.41
245,Ardakan,IR,32.31,54.0175,54.03,39,0,3.91
246,Point Pedro,LK,9.8167,80.2333,78.73,81,31,8.43
247,Leszno,PL,51.8403,16.5749,35.02,87,100,1.01
248,Rawson,AR,-43.3002,-65.1023,90.28,22,2,7.76
249,Kruisfontein,ZA,-34.0033,24.7314,68.88,81,15,12.93
250,Krumovgrad,BG,41.4667,25.65,29.03,83,2,8.72
251,Santa Maria,BR,-29.6842,-53.8069,101.16,13,0,9.46
252,Verkhnyaya Inta,RU,65.9811,60.3094,10.72,87,100,26.93
253,Paso De Patria,AR,-27.2454,-58.5454,108.07,8,0,8.7
254,Shuyskoye,RU,59.3736,41.0305,-10.53,100,35,2.71
255,Bam,IR,29.106,58.357,53.42,32,0,2.48
256,Staropyshminsk,RU,56.9387,60.903,-13.04,89,5,4.41
257,Sinop,TR,41.7711,34.8709,31.08,99,100,6.02
258,Cardoso,BR,-20.0819,-49.9142,79.11,69,87,8.34
259,Leeuwarden,NL,53.2014,5.8086,42.82,97,99,1.01
260,Tupiza,BO,-21.45,-65.7167,68.63,30,41,10.4
261,Anloga,GH,5.7947,0.8973,82.54,80,100,16.06
262,Karasjok,NO,69.4719,25.5112,35.71,74,100,30.82
263,Narnaund,IN,29.2167,76.15,52.92,76,100,1.45
264,Aasiaat,GL,68.7098,-52.8699,5.86,92,95,9.06
265,Nalut,LY,30.3333,10.85,46.09,57,12,7.56
266,Kutum,SD,14.2,24.6667,76.12,27,99,6.06
267,Abha,SA,18.2164,42.5053,58.1,73,4,0.83
268,Balotra,IN,25.8333,72.2333,57.97,37,0,6.71
269,Ventspils,LV,57.3894,21.5606,37.33,87,100,14.97
270,Jevicko,CZ,49.6322,16.7113,29.19,82,34,3.96
271,Shakawe,BW,-18.3667,21.85,71.4,81,95,9.1
272,Manakara,MG,-22.1333,48.0167,77.45,91,100,4.74
273,San Esteban,HN,15.2,-85.75,81.23,51,68,7.52
274,Chernaya Kholunitsa,RU,58.8511,51.7154,-6.39,96,5,3.96
275,Firminopolis,BR,-16.5819,-50.305,69.4,94,100,7.31
276,Ostend,BE,51.2234,2.9119,41.09,97,14,2.53
277,Alta Floresta,BR,-9.8756,-56.0861,78.13,91,100,5.06
278,San Ignacio,BZ,17.1561,-89.0714,76.06,81,86,2.57
279,San Remo,IT,43.8182,7.7612,53.31,21,0,3.0
280,Oranjemund,NA,-28.55,16.4333,65.52,89,11,9.33
281,Guanica,PR,17.9716,-66.908,83.05,73,9,7.0
282,Saint-Augustin,CA,51.226,-58.6502,2.77,90,95,0.22
283,Kholmy,UA,51.871,32.6006,4.01,95,93,8.14
284,Tete,MZ,-16.1564,33.5867,84.29,79,75,4.61
285,Puerto Ayacucho,VE,5.6639,-67.6236,95.7,32,30,3.44
286,Grindavik,IS,63.8424,-22.4338,37.87,65,75,36.82
287,Veinticinco De Mayo,AR,-35.4323,-60.1727,103.05,12,0,7.36
288,Arlit,NE,18.7369,7.3853,69.46,6,0,5.3
289,Esfarayen,IR,37.0765,57.5101,38.25,63,6,3.42
290,Svetlyy,RU,54.675,20.1347,32.97,91,100,14.12
291,Parrita,CR,9.5201,-84.3225,98.26,62,0,6.49
292,Copiapo,CL,-27.3667,-70.3333,84.29,26,6,11.56
293,Viedma,AR,-40.8135,-62.9967,107.26,8,0,17.22
294,Kalininsk,RU,51.5,44.4758,29.44,99,100,6.82
295,Wajir,KE,1.7471,40.0573,87.35,26,11,8.23
296,Lokosovo,RU,61.1333,74.8167,-10.08,100,87,5.68
297,Chhabra,IN,24.6667,76.8333,52.02,71,67,5.1
298,Samana,DO,19.2056,-69.3369,78.76,88,75,9.22
299,Ratangarh,IN,28.0833,74.6,55.29,63,56,3.06
300,Coihaique,CL,-45.5752,-72.0662,73.35,33,20,8.05
301,Divnomorskoye,RU,44.5011,38.1353,31.86,86,100,10.98
302,Baran,IN,25.1,76.5167,51.58,70,3,4.47
303,Wiarton,CA,44.7407,-81.1332,32.4,89,100,12.28
304,Dedovichi,RU,57.5517,29.9502,11.86,90,62,8.59
305,Port Said,EG,31.2565,32.2841,63.9,55,90,10.36
306,Lubumbashi,CD,-11.6609,27.4794,64.67,96,100,2.39
307,Condega,NI,13.365,-86.3985,85.84,35,0,11.1
308,Mana,GF,5.6592,-53.7767,81.59,70,14,7.16
309,Axim,GH,4.8699,-2.2405,81.54,79,53,10.76
310,Inhambane,MZ,-23.865,35.3833,80.58,89,20,10.18
311,Grand Gaube,MU,-20.0064,57.6608,80.38,84,100,8.01
312,Mangai,CD,-4.05,19.5333,72.21,97,100,2.64
313,Zonguldak,TR,41.25,31.8333,30.18,99,100,4.21
314,Nioro,GM,13.35,-15.75,88.63,19,53,6.38
315,Sarkand,KZ,45.41,79.9186,24.66,61,83,8.95
316,Ancud,CL,-41.8697,-73.8203,78.22,63,0,9.51
317,Leh,IN,34.1667,77.5833,-6.27,64,100,2.75
318,Thinadhoo,MV,0.5333,72.9333,82.11,75,100,6.26
319,Kalengwa,ZM,-13.4659,25.0027,65.26,97,100,2.75
320,Vestmannaeyjar,IS,63.4427,-20.2734,40.51,67,100,34.61
321,Ribeira Brava,PT,32.65,-17.0667,64.71,72,59,7.72
322,Santa Isabel Do Rio Negro,BR,-0.4139,-65.0192,81.0,79,100,3.15
323,Koslan,RU,63.4564,48.8989,8.53,73,11,12.71
324,Zaria,NG,11.1113,7.7227,75.83,21,1,9.42
325,Antofagasta,CL,-23.65,-70.4,72.21,64,77,9.78
326,Nouakchott,MR,18.0858,-15.9785,80.53,44,100,12.26
327,Torbay,CA,47.6666,-52.7314,20.57,63,6,5.01
328,Nevers,FR,46.9167,3.3333,34.39,87,0,4.61
329,Astana,KZ,51.1801,71.446,10.35,85,100,11.18
330,Najran,SA,17.4924,44.1277,62.55,31,5,1.79
331,Saryozek,KZ,44.3583,77.9753,33.62,36,100,5.12
332,Beyneu,KZ,45.3167,55.2,31.24,88,14,5.84
333,Rotifunk,SL,8.2333,-12.6833,81.07,72,16,6.38
334,Castres,FR,43.5833,2.1667,38.25,100,100,0.0
335,Barranco,PA,9.5167,-82.7,82.15,53,0,6.13
336,Maceio,BR,-9.6658,-35.7353,85.44,70,40,13.8
337,Gamba,GA,-2.65,10.0,77.23,86,100,5.75
338,George Town,MY,5.4112,100.3354,80.53,65,20,1.01
339,Trelew,AR,-43.249,-65.3051,101.43,6,0,8.7
340,Ormara,PK,25.2088,64.6357,67.08,41,0,5.73
341,Sao Jose Da Coroa Grande,BR,-8.8978,-35.1478,81.81,72,83,9.22
342,Iracoubo,GF,5.4802,-53.2011,80.67,73,10,7.31
343,Puerto Baquerizo Moreno,EC,-0.9,-89.6,74.3,82,10,11.56
344,Maihar,IN,24.2667,80.75,53.74,75,53,4.34
345,Kuytun,RU,54.3419,101.5036,0.07,94,100,1.86
346,Matagami,CA,49.7502,-77.6328,-3.89,71,40,12.66
347,Yarada,IN,17.65,83.2667,73.72,94,75,2.3
348,Bara,NG,10.3744,10.7288,77.94,23,39,8.21
349,Waddan,LY,29.1614,16.139,51.64,54,5,6.93
350,Lokoja,NG,7.8024,6.743,88.09,24,31,1.77
351,Rock Sound,BS,24.9,-76.2,72.55,74,91,20.18
352,Kizilskoye,RU,52.7255,58.8937,-4.43,98,20,7.07
353,Sayyan,YE,15.1718,44.3244,55.22,36,6,4.21
354,Changji,CN,44.0167,87.3167,9.39,85,100,2.24
355,Ponta Delgada,PT,37.7333,-25.6667,60.49,82,40,12.66
356,Chirongui,YT,-12.9319,45.1483,82.33,74,100,7.09
357,Tamandare,BR,-8.7597,-35.1047,81.7,73,64,8.55
358,Bahar,IR,34.9072,48.4414,42.04,68,100,6.96
359,Sakakah,SA,29.9697,40.2064,63.21,45,100,3.76
360,Faya,SA,18.3851,42.4509,57.72,70,7,1.59
361,Saint-Pierre,RE,-21.3393,55.4781,78.48,83,100,2.3
362,Caceres,ES,39.522,-6.3748,48.79,65,0,5.99
363,Araguaina,BR,-7.1911,-48.2072,73.17,94,100,6.33
364,Los Llanos De Aridane,ES,28.6585,-17.9182,62.35,79,20,1.01
365,Kubuta,SZ,-26.8833,31.4833,69.71,94,89,3.0
366,Sao Luiz Gonzaga,BR,-28.4083,-54.9608,103.98,8,0,12.1
367,Lobva,RU,59.1854,60.5185,-1.79,93,49,3.33
368,Ilesha,NG,7.1371,5.2583,82.69,52,31,5.64
369,Andenes,NO,69.3143,16.1194,37.38,81,75,25.32
370,Sawakin,SD,19.1059,37.3321,79.5,79,2,5.3
371,Tiznit,MA,29.5833,-9.5,59.14,39,0,2.86
372,Jumla,NP,29.2747,82.1838,26.78,69,1,5.77
373,Porbandar,IN,21.6422,69.6093,62.94,49,0,12.64
374,Atar,MR,20.5169,-13.0499,74.55,13,99,11.77
375,Emba,KZ,48.8264,58.1442,9.43,94,16,9.37
376,Olafsvik,IS,64.8945,-23.7142,35.62,72,100,46.37
377,Minab,IR,27.1467,57.0801,58.5,67,0,1.83
378,Hornepayne,CA,49.2138,-84.7705,1.56,79,83,3.27
379,Itarema,BR,-2.9248,-39.9167,84.31,62,99,11.32
380,Camana,PE,-16.6228,-72.7111,74.89,74,100,9.53
381,Tansen,NP,27.8673,83.5467,43.77,85,67,3.89
382,Milicz,PL,51.5277,17.2714,34.84,98,100,7.34
383,Valley,US,45.1277,-116.1262,30.61,83,99,7.72
384,Van,TR,38.4924,43.3831,31.35,80,75,2.3
385,State College,US,40.7934,-77.86,45.79,50,0,1.01
386,Sao Joao Do Piaui,BR,-8.3581,-42.2467,90.23,45,100,2.17
387,Panormos,GR,35.4182,24.6909,52.02,86,100,26.13
388,Bud,US,39.447,-86.1758,48.69,53,100,10.45
389,Augusto Correa,BR,-1.0217,-46.635,84.06,61,50,6.67
390,Cabedelo,BR,-6.9811,-34.8339,84.87,70,92,10.76
391,Bin Qirdan,TN,33.1378,11.2197,54.5,64,89,9.98
392,Itaituba,BR,-4.2761,-55.9836,84.79,68,100,1.45
393,Urbana,US,40.1106,-88.2073,44.73,64,100,3.0
394,Taoudenni,ML,22.6783,-3.9836,68.7,15,3,8.28
395,Liverpool,GB,53.4106,-2.9779,46.44,93,0,2.3
396,Plouzane,FR,48.3833,-4.6167,51.89,97,100,8.05
397,Channahon,US,41.4295,-88.2287,41.4,78,100,0.0
398,Sechura,PE,-5.5569,-80.8222,82.33,56,68,14.07
399,Belle Glade,US,26.6845,-80.6676,76.01,55,87,10.94
400,San Luis,AR,-33.295,-66.3356,101.91,13,16,14.5
401,Teseney,ER,15.11,36.6575,82.81,36,35,11.97
402,Nchelenge,ZM,-9.3451,28.734,72.64,83,100,5.1
403,Hualmay,PE,-11.0964,-77.6139,75.83,69,35,12.28
404,Abay,KZ,49.6311,72.8539,5.38,95,100,3.67
405,Marystown,CA,47.1666,-55.1483,25.86,100,100,9.98
406,Raudeberg,NO,61.9875,5.1352,48.2,96,100,15.99
407,Ribas Do Rio Pardo,BR,-20.4431,-53.7592,85.59,46,35,7.47
408,Pleshanovo,RU,52.8333,53.4833,-0.17,98,94,4.21
409,Calabozo,VE,8.9242,-67.4293,91.72,33,81,5.03
410,Tananger,NO,58.9333,5.6,48.34,94,75,1.99
411,Kidal,ML,18.4411,1.4078,73.81,8,0,7.05
412,Havre-Saint-Pierre,CA,50.2334,-63.5986,13.93,90,100,19.42
413,Cayenne,GF,4.9333,-52.3333,82.44,87,75,4.61
414,Paita,PE,-5.0892,-81.1144,81.16,69,64,15.77
415,Teya,RU,60.3778,92.6267,-9.24,99,100,2.13
416,Adrar,MR,20.5022,-10.0711,69.44,16,95,9.22
417,Nikolsk,RU,53.7189,46.0712,19.71,95,100,11.88
418,Vila Franca Do Campo,PT,37.7167,-25.4333,60.19,81,99,14.0
419,Puerto Ayora,EC,-0.7393,-90.3518,84.16,76,21,12.03
420,Wattegama,LK,6.7989,81.4808,74.32,94,60,2.93
421,Terrace Bay,CA,48.7834,-87.1,5.94,73,30,4.27
422,Chupa,RU,66.27,33.0549,30.33,88,100,15.7
423,Rurrenabaque,BO,-14.4413,-67.5278,92.79,42,100,1.28
424,Yenagoa,NG,4.9247,6.2642,83.5,70,39,7.9
425,Jacobina,BR,-11.1806,-40.5183,87.6,38,43,6.98
426,Ordubad,AZ,38.9059,46.0234,33.89,75,96,3.94
427,Skibbereen,IE,51.55,-9.2667,42.6,83,3,0.92
428,Muisne,EC,0.6,-80.0333,86.11,77,39,9.46
429,Highland Park,US,42.1817,-87.8003,42.12,70,100,5.01
430,Manoel Urbano,BR,-8.8389,-69.2597,84.65,62,100,1.3
431,Tessalit,ML,20.1986,1.0114,68.0,14,15,9.06
432,Umm Lajj,SA,25.0213,37.2685,74.03,53,100,6.42
433,Mbuji-Mayi,CD,-6.15,23.6,71.28,94,100,1.74
434,Killybegs,IE,54.6333,-8.45,47.91,87,98,12.06
435,Apatou,GF,5.155,-54.3472,84.67,61,82,3.6
436,Maridi,SS,4.9158,29.4742,83.3,31,54,5.79
437,Dingle,PH,10.9995,122.6711,71.64,92,15,7.27
438,Awbari,LY,26.5921,12.7805,49.08,33,7,7.58
439,Garissa,KE,-0.4536,39.6401,86.77,33,52,5.59
440,Pocone,BR,-16.2567,-56.6228,74.01,87,99,3.22
441,Ilhabela,BR,-23.7781,-45.3581,79.74,79,99,2.82
442,Quatre Cocos,MU,-20.2078,57.7625,80.1,86,100,13.04
443,Kintampo,GH,8.0563,-1.7306,87.67,19,11,3.06
444,Sines,PT,37.9562,-8.8698,59.29,67,0,1.99
445,Bentiu,SS,9.2333,29.8333,89.33,25,91,4.59
446,Saint-Francois,FR,46.4154,3.9054,29.48,88,0,2.3
447,Kilrush,IE,52.6397,-9.4833,40.75,87,92,5.41
448,Moroeni,RO,45.2167,25.4333,25.56,56,8,2.89
449,Biltine,TD,14.5333,20.9167,80.98,21,7,8.52
450,Uruzgan,AF,32.8333,66.0,36.23,43,5,2.35
451,Dera Bugti,PK,29.0307,69.151,54.5,47,0,1.34
452,Saurimo,AO,-9.6608,20.3916,66.63,97,100,7.87
453,Vitoria Da Conquista,BR,-14.8661,-40.8394,78.67,61,14,6.4
454,Tahoua,NE,14.8888,5.2692,75.33,7,4,8.86
455,Sabaudia,IT,41.3003,13.0282,47.77,73,51,7.47
456,Dwarka,IN,22.2394,68.9678,65.71,47,0,12.53
457,Zelenoborskiy,RU,66.845,32.3622,30.63,89,100,16.71
458,Corumba,BR,-19.0092,-57.6533,98.51,32,20,5.75
459,Nigde,TR,37.8333,34.75,32.76,100,100,3.22
460,Abu Samrah,SY,35.3029,37.1841,53.92,50,100,6.82
461,Xacmaz,AZ,41.4635,48.806,46.31,93,100,2.91
462,Mayumba,GA,-3.432,10.6554,77.47,85,100,5.32
463,Guliston,UZ,40.4897,68.7842,45.9,36,100,6.24
464,Kapoeta,SS,4.7717,33.5903,86.7,26,100,10.25
465,Geraldton,AU,-28.7667,114.6,70.21,78,75,11.5
466,Lyngseidet,NO,69.5763,20.2189,35.6,94,100,16.64
467,Taltal,CL,-25.4,-70.4833,71.02,74,100,7.92
468,Povenets,RU,62.8487,34.8262,18.73,92,100,15.19
469,Bajil,YE,15.0584,43.2851,78.93,63,53,8.46
470,Aswan,EG,24.0934,32.907,66.61,12,49,9.19
471,Arrecife,ES,28.963,-13.5477,66.27,82,20,10.36
472,Kabelvag,NO,68.2114,14.4817,39.22,80,75,6.91
473,Rosendal,NO,59.9867,6.0135,49.03,98,100,6.69
474,Dhola,IN,21.8833,71.7833,58.78,46,0,9.4
475,Nara,JP,34.6851,135.8049,42.08,45,100,11.34
476,Bakaly,RU,55.1789,53.8028,-5.48,100,24,3.11
477,Port Hawkesbury,CA,45.6169,-61.3485,18.91,76,100,8.01
478,Ushtobe,KZ,45.2514,77.9838,32.0,56,100,3.15
479,Chimore,BO,-16.9833,-65.1333,97.93,35,36,2.01
480,Kushmurun,KZ,52.4503,64.6311,2.61,91,59,11.52
481,Vadso,NO,70.0744,29.7487,33.96,86,75,20.71
482,Sidi Ali,DZ,36.0998,0.4206,49.03,61,27,11.54
483,Ibotirama,BR,-12.1853,-43.2206,84.47,59,91,3.18
484,Roald,NO,62.5833,6.1333,49.33,100,100,35.68
485,Igarka,RU,67.4667,86.5833,-16.44,98,99,10.69
486,Tutoia,BR,-2.7619,-42.2744,87.78,66,62,9.73
487,Bubaque,GW,11.2833,-15.8333,79.36,68,80,12.84
488,Llanes,ES,43.4198,-4.7549,51.89,61,0,12.12
489,Meulaboh,ID,4.1363,96.1285,76.37,89,92,4.14
490,North Myrtle Beach,US,33.816,-78.68,59.09,58,0,6.91
491,Margate,GB,51.3813,1.3862,41.88,90,12,5.48
492,Tarabuco,BO,-19.1667,-64.9167,62.47,35,54,18.45
493,Padang,ID,-0.9492,100.3543,76.75,86,60,4.16
494,Bana,CM,5.1481,10.2762,67.33,64,93,0.69
495,Tanout,NE,14.9709,8.8879,70.11,6,0,8.77
496,Santa Cruz De La Palma,ES,28.6835,-17.7642,66.34,68,20,3.44
497,Aripuana,BR,-9.1667,-60.6333,79.0,85,100,3.98
498,Wilmington,US,34.2257,-77.9447,58.95,56,0,4.61
499,Ondangwa,NA,-17.9167,15.95,89.94,14,99,7.45
500,Teguldet,RU,57.3064,88.1667,-12.26,100,100,1.7
501,Ghanzi,BW,-21.5667,21.7833,75.4,66,100,9.08
502,Santa Ana,US,33.7456,-117.8678,76.44,26,75,1.01
503,Omboue,GA,-1.5746,9.2618,78.82,84,100,6.78
504,Port-Cartier,CA,50.0334,-66.8654,4.75,92,100,10.85
505,Alencon,FR,48.4333,0.0833,41.79,92,64,5.14
506,Ramhormoz,IR,31.28,49.6035,62.53,57,0,2.82
507,Mikumi,TZ,-7.4041,36.9831,74.23,69,100,2.57
508,Lachi,PK,33.3833,71.3386,49.53,41,18,2.08
509,Formosa Do Rio Preto,BR,-11.0483,-45.1931,78.37,82,52,4.14
510,Dogondoutchi,NE,13.6393,4.0287,77.63,8,8,8.01
511,Longwood,US,28.7031,-81.3384,74.12,54,40,1.01
512,Bousso,TD,10.4795,16.7117,81.12,18,21,7.4
513,Kilinochchi,LK,9.3961,80.3982,76.08,88,11,5.41
514,Nizhniy Lomov,RU,53.5304,43.6766,19.26,96,100,7.05
515,Alma,CA,48.5501,-71.6491,7.81,93,100,7.52
516,Puerto Madryn,AR,-42.7692,-65.0385,94.82,17,0,8.7
517,Taiobeiras,BR,-15.8078,-42.2331,78.62,69,78,6.55
518,Meiganga,CM,6.5167,14.3,81.37,24,100,7.81
519,Inirida,CO,3.8653,-67.9239,96.66,33,99,0.51
520,Norrtalje,SE,59.758,18.705,40.28,90,99,14.94
521,Kostomuksha,RU,64.571,30.5767,29.17,93,100,20.13
522,Paris,FR,48.8534,2.3488,41.5,88,100,3.0
523,Panjab,AF,34.388,67.0233,6.19,90,74,2.44
524,Angoche,MZ,-16.2325,39.9086,75.92,94,100,10.6
525,Chanderi,IN,24.7167,78.1333,51.03,66,77,4.23
526,Chicama,PE,-7.8447,-79.1469,72.14,63,76,11.83
527,Curillo,CO,1.0333,-75.9191,92.08,39,22,3.38
528,Haverfordwest,GB,51.8017,-4.9691,45.16,80,0,1.16
529,Severodvinsk,RU,64.5635,39.8302,15.91,87,98,15.99
530,Nortelandia,BR,-14.4547,-56.8028,89.31,48,0,5.44
531,Malakal,SS,9.5334,31.6605,90.27,24,100,0.56
532,Durusu,TR,41.3053,28.6767,37.83,78,100,20.0
533,Bahir Dar,ET,11.5936,37.3908,62.92,71,100,9.8
534,Clarence Town,AU,-32.5833,151.7833,69.85,97,7,0.94
535,Sebrovo,RU,50.0981,43.2976,8.19,96,100,5.95
536,Rincon,US,32.296,-81.2354,59.86,51,75,4.61
537,Wolgast,DE,54.05,13.7667,36.86,91,65,12.84
538,Lexington-Fayette,US,38.0498,-84.4585,50.36,39,0,1.99
539,Jacqueville,CI,5.2052,-4.4146,84.11,79,59,14.07
540,Sandnessjoen,NO,66.0217,12.6316,41.52,70,75,19.57
541,Bogandinskiy,RU,56.8937,65.8938,-6.48,92,5,4.81
542,Whitewater,US,42.8336,-88.7323,40.59,100,100,5.73
543,San Cristobal,VE,7.7669,-72.225,75.38,42,72,1.95
544,Toktogul,KG,41.8708,72.9402,25.54,61,98,3.47
545,Eenhana,NA,-17.4667,16.3333,81.43,18,100,6.26
546,Windhoek,NA,-22.5594,17.0832,74.46,16,98,15.3
547,Mwanza,TZ,-2.5167,32.9,73.83,64,97,5.66
548,Pisz,PL,53.6274,21.8125,28.65,92,99,8.37
549,Senno,RU,59.5336,33.9167,8.56,84,87,8.25
550,Belyy Yar,RU,53.6039,91.3903,6.69,79,100,2.24
551,La Primavera,CO,5.4906,-70.4092,94.68,29,38,8.7
552,Morondava,MG,-20.2833,44.2833,81.77,79,100,8.3
553,Dalvik,IS,65.9702,-18.5286,31.93,77,100,36.75
554,Cururupu,BR,-1.8283,-44.8683,85.06,55,25,6.58
555,Ahmadpur Sial,PK,30.6754,71.7483,49.87,42,0,3.53
